<?xml version="1.0" encoding="UTF-8" standalone="no"?>
<!-- Automatically built by the EDMC infrastructure -->
<catalog prefer="public" xmlns="urn:oasis:names:tc:entity:xmlns:xml:catalog">
  <uri id="User Entered Import Resolution" uri="../AboutFIBOProd.rdf" name="https://spec.edmcouncil.org/fibo/ontology/master/2020Q1/ABOUTFIBOPROD/"/>
  <uri id="User Entered Import Resolution" uri="../ont-policy.rdf" name="https://spec.edmcouncil.org/fibo/../ont-policy/"/>
  <uri id="User Entered Import Resolution" uri="../CAE/CorporateEvents/MetadataCAECorporateEvents.rdf" name="https://spec.edmcouncil.org/fibo/ontology/master/2020Q1/CAE/CorporateEvents/MetadataCAECorporateEvents/"/>
  <uri id="User Entered Import Resolution" uri="../CAE/CorporateEvents/CorporateActionsEvents.rdf" name="https://spec.edmcouncil.org/fibo/ontology/master/2020Q1/CAE/CorporateEvents/CorporateActionsEvents/"/>
  <uri id="User Entered Import Resolution" uri="../CAE/MetadataCAE.rdf" name="https://spec.edmcouncil.org/fibo/ontology/master/2020Q1/CAE/MetadataCAE/"/>
  <uri id="User Entered Import Resolution" uri="../FND/AgentsAndPeople/MetadataFNDAgentsAndPeople.rdf" name="https://spec.edmcouncil.org/fibo/ontology/master/2020Q1/FND/AgentsAndPeople/MetadataFNDAgentsAndPeople/"/>
  <uri id="User Entered Import Resolution" uri="../FND/AgentsAndPeople/People.rdf" name="https://spec.edmcouncil.org/fibo/ontology/master/2020Q1/FND/AgentsAndPeople/People/"/>
  <uri id="User Entered Import Resolution" uri="../FND/AgentsAndPeople/Agents.rdf" name="https://spec.edmcouncil.org/fibo/ontology/master/2020Q1/FND/AgentsAndPeople/Agents/"/>
  <uri id="User Entered Import Resolution" uri="../FND/Relations/Relations.rdf" name="https://spec.edmcouncil.org/fibo/ontology/master/2020Q1/FND/Relations/Relations/"/>
  <uri id="User Entered Import Resolution" uri="../FND/Relations/MetadataFNDRelations.rdf" name="https://spec.edmcouncil.org/fibo/ontology/master/2020Q1/FND/Relations/MetadataFNDRelations/"/>
  <uri id="User Entered Import Resolution" uri="../FND/DatesAndTimes/FinancialDates.rdf" name="https://spec.edmcouncil.org/fibo/ontology/master/2020Q1/FND/DatesAndTimes/FinancialDates/"/>
  <uri id="User Entered Import Resolution" uri="../FND/DatesAndTimes/Occurrences.rdf" name="https://spec.edmcouncil.org/fibo/ontology/master/2020Q1/FND/DatesAndTimes/Occurrences/"/>
  <uri id="User Entered Import Resolution" uri="../FND/DatesAndTimes/MetadataFNDDatesAndTimes.rdf" name="https://spec.edmcouncil.org/fibo/ontology/master/2020Q1/FND/DatesAndTimes/MetadataFNDDatesAndTimes/"/>
  <uri id="User Entered Import Resolution" uri="../FND/DatesAndTimes/BusinessDates.rdf" name="https://spec.edmcouncil.org/fibo/ontology/master/2020Q1/FND/DatesAndTimes/BusinessDates/"/>
  <uri id="User Entered Import Resolution" uri="../FND/Arrangements/Ratings.rdf" name="https://spec.edmcouncil.org/fibo/ontology/master/2020Q1/FND/Arrangements/Ratings/"/>
  <uri id="User Entered Import Resolution" uri="../FND/Arrangements/Arrangements.rdf" name="https://spec.edmcouncil.org/fibo/ontology/master/2020Q1/FND/Arrangements/Arrangements/"/>
  <uri id="User Entered Import Resolution" uri="../FND/Arrangements/Reporting.rdf" name="https://spec.edmcouncil.org/fibo/ontology/master/2020Q1/FND/Arrangements/Reporting/"/>
  <uri id="User Entered Import Resolution" uri="../FND/Arrangements/Lifecycles.rdf" name="https://spec.edmcouncil.org/fibo/ontology/master/2020Q1/FND/Arrangements/Lifecycles/"/>
  <uri id="User Entered Import Resolution" uri="../FND/Arrangements/Assessments.rdf" name="https://spec.edmcouncil.org/fibo/ontology/master/2020Q1/FND/Arrangements/Assessments/"/>
  <uri id="User Entered Import Resolution" uri="../FND/Arrangements/MetadataFNDArrangements.rdf" name="https://spec.edmcouncil.org/fibo/ontology/master/2020Q1/FND/Arrangements/MetadataFNDArrangements/"/>
  <uri id="User Entered Import Resolution" uri="../FND/Arrangements/Documents.rdf" name="https://spec.edmcouncil.org/fibo/ontology/master/2020Q1/FND/Arrangements/Documents/"/>
  <uri id="User Entered Import Resolution" uri="../FND/Arrangements/IdentifiersAndIndices.rdf" name="https://spec.edmcouncil.org/fibo/ontology/master/2020Q1/FND/Arrangements/IdentifiersAndIndices/"/>
  <uri id="User Entered Import Resolution" uri="../FND/Arrangements/Communications.rdf" name="https://spec.edmcouncil.org/fibo/ontology/master/2020Q1/FND/Arrangements/Communications/"/>
  <uri id="User Entered Import Resolution" uri="../FND/Arrangements/ClassificationSchemes.rdf" name="https://spec.edmcouncil.org/fibo/ontology/master/2020Q1/FND/Arrangements/ClassificationSchemes/"/>
  <uri id="User Entered Import Resolution" uri="../FND/Utilities/Values.rdf" name="https://spec.edmcouncil.org/fibo/ontology/master/2020Q1/FND/Utilities/Values/"/>
  <uri id="User Entered Import Resolution" uri="../FND/Utilities/Analytics.rdf" name="https://spec.edmcouncil.org/fibo/ontology/master/2020Q1/FND/Utilities/Analytics/"/>
  <uri id="User Entered Import Resolution" uri="../FND/Utilities/AnnotationVocabulary.rdf" name="https://spec.edmcouncil.org/fibo/ontology/master/2020Q1/FND/Utilities/AnnotationVocabulary/"/>
  <uri id="User Entered Import Resolution" uri="../FND/Utilities/MetadataFNDUtilities.rdf" name="https://spec.edmcouncil.org/fibo/ontology/master/2020Q1/FND/Utilities/MetadataFNDUtilities/"/>
  <uri id="User Entered Import Resolution" uri="../FND/Accounting/AccountingEquity.rdf" name="https://spec.edmcouncil.org/fibo/ontology/master/2020Q1/FND/Accounting/AccountingEquity/"/>
  <uri id="User Entered Import Resolution" uri="../FND/Accounting/CurrencyAmount.rdf" name="https://spec.edmcouncil.org/fibo/ontology/master/2020Q1/FND/Accounting/CurrencyAmount/"/>
  <uri id="User Entered Import Resolution" uri="../FND/Accounting/MetadataFNDAccounting.rdf" name="https://spec.edmcouncil.org/fibo/ontology/master/2020Q1/FND/Accounting/MetadataFNDAccounting/"/>
  <uri id="User Entered Import Resolution" uri="../FND/Accounting/ISO4217-CurrencyCodes.rdf" name="https://spec.edmcouncil.org/fibo/ontology/master/2020Q1/FND/Accounting/ISO4217-CurrencyCodes/"/>
  <uri id="User Entered Import Resolution" uri="../FND/ProductsAndServices/MetadataFNDProductsAndServices.rdf" name="https://spec.edmcouncil.org/fibo/ontology/master/2020Q1/FND/ProductsAndServices/MetadataFNDProductsAndServices/"/>
  <uri id="User Entered Import Resolution" uri="../FND/ProductsAndServices/ProductsAndServices.rdf" name="https://spec.edmcouncil.org/fibo/ontology/master/2020Q1/FND/ProductsAndServices/ProductsAndServices/"/>
  <uri id="User Entered Import Resolution" uri="../FND/ProductsAndServices/PaymentsAndSchedules.rdf" name="https://spec.edmcouncil.org/fibo/ontology/master/2020Q1/FND/ProductsAndServices/PaymentsAndSchedules/"/>
  <uri id="User Entered Import Resolution" uri="../FND/OwnershipAndControl/MetadataFNDOwnershipAndControl.rdf" name="https://spec.edmcouncil.org/fibo/ontology/master/2020Q1/FND/OwnershipAndControl/MetadataFNDOwnershipAndControl/"/>
  <uri id="User Entered Import Resolution" uri="../FND/OwnershipAndControl/OwnershipAndControl.rdf" name="https://spec.edmcouncil.org/fibo/ontology/master/2020Q1/FND/OwnershipAndControl/OwnershipAndControl/"/>
  <uri id="User Entered Import Resolution" uri="../FND/OwnershipAndControl/Ownership.rdf" name="https://spec.edmcouncil.org/fibo/ontology/master/2020Q1/FND/OwnershipAndControl/Ownership/"/>
  <uri id="User Entered Import Resolution" uri="../FND/OwnershipAndControl/Control.rdf" name="https://spec.edmcouncil.org/fibo/ontology/master/2020Q1/FND/OwnershipAndControl/Control/"/>
  <uri id="User Entered Import Resolution" uri="../FND/MetadataFND.rdf" name="https://spec.edmcouncil.org/fibo/ontology/master/2020Q1/FND/MetadataFND/"/>
  <uri id="User Entered Import Resolution" uri="../FND/Organizations/FormalOrganizations.rdf" name="https://spec.edmcouncil.org/fibo/ontology/master/2020Q1/FND/Organizations/FormalOrganizations/"/>
  <uri id="User Entered Import Resolution" uri="../FND/Organizations/MetadataFNDOrganizations.rdf" name="https://spec.edmcouncil.org/fibo/ontology/master/2020Q1/FND/Organizations/MetadataFNDOrganizations/"/>
  <uri id="User Entered Import Resolution" uri="../FND/Organizations/Organizations.rdf" name="https://spec.edmcouncil.org/fibo/ontology/master/2020Q1/FND/Organizations/Organizations/"/>
  <uri id="User Entered Import Resolution" uri="../FND/Law/LegalCapacity.rdf" name="https://spec.edmcouncil.org/fibo/ontology/master/2020Q1/FND/Law/LegalCapacity/"/>
  <uri id="User Entered Import Resolution" uri="../FND/Law/LegalCore.rdf" name="https://spec.edmcouncil.org/fibo/ontology/master/2020Q1/FND/Law/LegalCore/"/>
  <uri id="User Entered Import Resolution" uri="../FND/Law/Jurisdiction.rdf" name="https://spec.edmcouncil.org/fibo/ontology/master/2020Q1/FND/Law/Jurisdiction/"/>
  <uri id="User Entered Import Resolution" uri="../FND/Law/MetadataFNDLaw.rdf" name="https://spec.edmcouncil.org/fibo/ontology/master/2020Q1/FND/Law/MetadataFNDLaw/"/>
  <uri id="User Entered Import Resolution" uri="../FND/Agreements/Agreements.rdf" name="https://spec.edmcouncil.org/fibo/ontology/master/2020Q1/FND/Agreements/Agreements/"/>
  <uri id="User Entered Import Resolution" uri="../FND/Agreements/Contracts.rdf" name="https://spec.edmcouncil.org/fibo/ontology/master/2020Q1/FND/Agreements/Contracts/"/>
  <uri id="User Entered Import Resolution" uri="../FND/Agreements/MetadataFNDAgreements.rdf" name="https://spec.edmcouncil.org/fibo/ontology/master/2020Q1/FND/Agreements/MetadataFNDAgreements/"/>
  <uri id="User Entered Import Resolution" uri="../FND/Parties/Roles.rdf" name="https://spec.edmcouncil.org/fibo/ontology/master/2020Q1/FND/Parties/Roles/"/>
  <uri id="User Entered Import Resolution" uri="../FND/Parties/MetadataFNDParties.rdf" name="https://spec.edmcouncil.org/fibo/ontology/master/2020Q1/FND/Parties/MetadataFNDParties/"/>
  <uri id="User Entered Import Resolution" uri="../FND/Parties/Parties.rdf" name="https://spec.edmcouncil.org/fibo/ontology/master/2020Q1/FND/Parties/Parties/"/>
  <uri id="User Entered Import Resolution" uri="../FND/TransactionsExt/SupplyTransactions.rdf" name="https://spec.edmcouncil.org/fibo/ontology/master/2020Q1/FND/TransactionsExt/SupplyTransactions/"/>
  <uri id="User Entered Import Resolution" uri="../FND/TransactionsExt/EconomicResources.rdf" name="https://spec.edmcouncil.org/fibo/ontology/master/2020Q1/FND/TransactionsExt/EconomicResources/"/>
  <uri id="User Entered Import Resolution" uri="../FND/TransactionsExt/REATransactions.rdf" name="https://spec.edmcouncil.org/fibo/ontology/master/2020Q1/FND/TransactionsExt/REATransactions/"/>
  <uri id="User Entered Import Resolution" uri="../FND/TransactionsExt/TransactionEvents.rdf" name="https://spec.edmcouncil.org/fibo/ontology/master/2020Q1/FND/TransactionsExt/TransactionEvents/"/>
  <uri id="User Entered Import Resolution" uri="../FND/TransactionsExt/MarketTransactions.rdf" name="https://spec.edmcouncil.org/fibo/ontology/master/2020Q1/FND/TransactionsExt/MarketTransactions/"/>
  <uri id="User Entered Import Resolution" uri="../FND/TransactionsExt/REAClaimsEvents.rdf" name="https://spec.edmcouncil.org/fibo/ontology/master/2020Q1/FND/TransactionsExt/REAClaimsEvents/"/>
  <uri id="User Entered Import Resolution" uri="../FND/TransactionsExt/TransactionsExtended.rdf" name="https://spec.edmcouncil.org/fibo/ontology/master/2020Q1/FND/TransactionsExt/TransactionsExtended/"/>
  <uri id="User Entered Import Resolution" uri="../FND/TransactionsExt/MetadataFNDTransactionsExt.rdf" name="https://spec.edmcouncil.org/fibo/ontology/master/2020Q1/FND/TransactionsExt/MetadataFNDTransactionsExt/"/>
  <uri id="User Entered Import Resolution" uri="../FND/TransactionsExt/SecuritiesTransactions.rdf" name="https://spec.edmcouncil.org/fibo/ontology/master/2020Q1/FND/TransactionsExt/SecuritiesTransactions/"/>
  <uri id="User Entered Import Resolution" uri="../FND/TransactionsExt/TransactionAccounting.rdf" name="https://spec.edmcouncil.org/fibo/ontology/master/2020Q1/FND/TransactionsExt/TransactionAccounting/"/>
  <uri id="User Entered Import Resolution" uri="../FND/TransactionsExt/QuantifiedResources.rdf" name="https://spec.edmcouncil.org/fibo/ontology/master/2020Q1/FND/TransactionsExt/QuantifiedResources/"/>
  <uri id="User Entered Import Resolution" uri="../FND/Places/NorthAmerica/USPostalServiceAddresses.rdf" name="https://spec.edmcouncil.org/fibo/ontology/master/2020Q1/FND/Places/NorthAmerica/USPostalServiceAddresses/"/>
  <uri id="User Entered Import Resolution" uri="../FND/Places/NorthAmerica/USPostalServiceAddressesIndividuals.rdf" name="https://spec.edmcouncil.org/fibo/ontology/master/2020Q1/FND/Places/NorthAmerica/USPostalServiceAddressesIndividuals/"/>
  <uri id="User Entered Import Resolution" uri="../FND/Places/Addresses.rdf" name="https://spec.edmcouncil.org/fibo/ontology/master/2020Q1/FND/Places/Addresses/"/>
  <uri id="User Entered Import Resolution" uri="../FND/Places/VirtualPlaces.rdf" name="https://spec.edmcouncil.org/fibo/ontology/master/2020Q1/FND/Places/VirtualPlaces/"/>
  <uri id="User Entered Import Resolution" uri="../FND/Places/Locations.rdf" name="https://spec.edmcouncil.org/fibo/ontology/master/2020Q1/FND/Places/Locations/"/>
  <uri id="User Entered Import Resolution" uri="../FND/Places/Facilities.rdf" name="https://spec.edmcouncil.org/fibo/ontology/master/2020Q1/FND/Places/Facilities/"/>
  <uri id="User Entered Import Resolution" uri="../FND/Places/MetadataFNDPlaces.rdf" name="https://spec.edmcouncil.org/fibo/ontology/master/2020Q1/FND/Places/MetadataFNDPlaces/"/>
  <uri id="User Entered Import Resolution" uri="../FND/AgreementsExt/ContractElements.rdf" name="https://spec.edmcouncil.org/fibo/ontology/master/2020Q1/FND/AgreementsExt/ContractElements/"/>
  <uri id="User Entered Import Resolution" uri="../FND/AgreementsExt/MetadataFNDAgreementsExt.rdf" name="https://spec.edmcouncil.org/fibo/ontology/master/2020Q1/FND/AgreementsExt/MetadataFNDAgreementsExt/"/>
  <uri id="User Entered Import Resolution" uri="../FND/AllFND-NorthAmerica.rdf" name="https://spec.edmcouncil.org/fibo/ontology/master/2020Q1/FND/AllFND-NorthAmerica/"/>
  <uri id="User Entered Import Resolution" uri="../FND/AllFND.rdf" name="https://spec.edmcouncil.org/fibo/ontology/master/2020Q1/FND/AllFND/"/>
  <uri id="User Entered Import Resolution" uri="../FND/GoalsAndObjectives/Objectives.rdf" name="https://spec.edmcouncil.org/fibo/ontology/master/2020Q1/FND/GoalsAndObjectives/Objectives/"/>
  <uri id="User Entered Import Resolution" uri="../FND/GoalsAndObjectives/Goals.rdf" name="https://spec.edmcouncil.org/fibo/ontology/master/2020Q1/FND/GoalsAndObjectives/Goals/"/>
  <uri id="User Entered Import Resolution" uri="../FND/GoalsAndObjectives/MetadataFNDGoalsAndObjectives.rdf" name="https://spec.edmcouncil.org/fibo/ontology/master/2020Q1/FND/GoalsAndObjectives/MetadataFNDGoalsAndObjectives/"/>
  <uri id="User Entered Import Resolution" uri="../FND/Quantities/MetadataFNDQuantities.rdf" name="https://spec.edmcouncil.org/fibo/ontology/master/2020Q1/FND/Quantities/MetadataFNDQuantities/"/>
  <uri id="User Entered Import Resolution" uri="../FND/Quantities/QuantitiesAndUnits.rdf" name="https://spec.edmcouncil.org/fibo/ontology/master/2020Q1/FND/Quantities/QuantitiesAndUnits/"/>
  <uri id="User Entered Import Resolution" uri="../BP/MetadataBP.rdf" name="https://spec.edmcouncil.org/fibo/ontology/master/2020Q1/BP/MetadataBP/"/>
  <uri id="User Entered Import Resolution" uri="../BP/Process/MetadataBPProcess.rdf" name="https://spec.edmcouncil.org/fibo/ontology/master/2020Q1/BP/Process/MetadataBPProcess/"/>
  <uri id="User Entered Import Resolution" uri="../BP/Process/FinancialContextAndProcess.rdf" name="https://spec.edmcouncil.org/fibo/ontology/master/2020Q1/BP/Process/FinancialContextAndProcess/"/>
  <uri id="User Entered Import Resolution" uri="../BP/SecuritiesIssuance/MBSIssuance.rdf" name="https://spec.edmcouncil.org/fibo/ontology/master/2020Q1/BP/SecuritiesIssuance/MBSIssuance/"/>
  <uri id="User Entered Import Resolution" uri="../BP/SecuritiesIssuance/IssuanceDocuments.rdf" name="https://spec.edmcouncil.org/fibo/ontology/master/2020Q1/BP/SecuritiesIssuance/IssuanceDocuments/"/>
  <uri id="User Entered Import Resolution" uri="../BP/SecuritiesIssuance/EquitiesIPOIssuance.rdf" name="https://spec.edmcouncil.org/fibo/ontology/master/2020Q1/BP/SecuritiesIssuance/EquitiesIPOIssuance/"/>
  <uri id="User Entered Import Resolution" uri="../BP/SecuritiesIssuance/AgencyMBSIssuance.rdf" name="https://spec.edmcouncil.org/fibo/ontology/master/2020Q1/BP/SecuritiesIssuance/AgencyMBSIssuance/"/>
  <uri id="User Entered Import Resolution" uri="../BP/SecuritiesIssuance/DebtIssuance.rdf" name="https://spec.edmcouncil.org/fibo/ontology/master/2020Q1/BP/SecuritiesIssuance/DebtIssuance/"/>
  <uri id="User Entered Import Resolution" uri="../BP/SecuritiesIssuance/IssuanceProcess.rdf" name="https://spec.edmcouncil.org/fibo/ontology/master/2020Q1/BP/SecuritiesIssuance/IssuanceProcess/"/>
  <uri id="User Entered Import Resolution" uri="../BP/SecuritiesIssuance/MuniIssuance.rdf" name="https://spec.edmcouncil.org/fibo/ontology/master/2020Q1/BP/SecuritiesIssuance/MuniIssuance/"/>
  <uri id="User Entered Import Resolution" uri="../BP/SecuritiesIssuance/PrivateLabelMBSIssuance.rdf" name="https://spec.edmcouncil.org/fibo/ontology/master/2020Q1/BP/SecuritiesIssuance/PrivateLabelMBSIssuance/"/>
  <uri id="User Entered Import Resolution" uri="../BP/SecuritiesIssuance/MetadataBPSecuritiesIssuance.rdf" name="https://spec.edmcouncil.org/fibo/ontology/master/2020Q1/BP/SecuritiesIssuance/MetadataBPSecuritiesIssuance/"/>
  <uri id="User Entered Import Resolution" uri="../CIV/MetadataCIV.rdf" name="https://spec.edmcouncil.org/fibo/ontology/master/2020Q1/CIV/MetadataCIV/"/>
  <uri id="User Entered Import Resolution" uri="../CIV/Funds/CIV.rdf" name="https://spec.edmcouncil.org/fibo/ontology/master/2020Q1/CIV/Funds/CIV/"/>
  <uri id="User Entered Import Resolution" uri="../CIV/Funds/MetadataCIVFunds.rdf" name="https://spec.edmcouncil.org/fibo/ontology/master/2020Q1/CIV/Funds/MetadataCIVFunds/"/>
  <uri id="User Entered Import Resolution" uri="../IND/AllIND.rdf" name="https://spec.edmcouncil.org/fibo/ontology/master/2020Q1/IND/AllIND/"/>
  <uri id="User Entered Import Resolution" uri="../IND/InterestRates/InterestRates.rdf" name="https://spec.edmcouncil.org/fibo/ontology/master/2020Q1/IND/InterestRates/InterestRates/"/>
  <uri id="User Entered Import Resolution" uri="../IND/InterestRates/MarketDataProviders.rdf" name="https://spec.edmcouncil.org/fibo/ontology/master/2020Q1/IND/InterestRates/MarketDataProviders/"/>
  <uri id="User Entered Import Resolution" uri="../IND/InterestRates/MetadataINDInterestRates.rdf" name="https://spec.edmcouncil.org/fibo/ontology/master/2020Q1/IND/InterestRates/MetadataINDInterestRates/"/>
  <uri id="User Entered Import Resolution" uri="../IND/InterestRates/CommonInterestRates.rdf" name="https://spec.edmcouncil.org/fibo/ontology/master/2020Q1/IND/InterestRates/CommonInterestRates/"/>
  <uri id="User Entered Import Resolution" uri="../IND/Indicators/MetadataINDIndicators.rdf" name="https://spec.edmcouncil.org/fibo/ontology/master/2020Q1/IND/Indicators/MetadataINDIndicators/"/>
  <uri id="User Entered Import Resolution" uri="../IND/Indicators/Indicators.rdf" name="https://spec.edmcouncil.org/fibo/ontology/master/2020Q1/IND/Indicators/Indicators/"/>
  <uri id="User Entered Import Resolution" uri="../IND/MarketIndices/BasketIndices.rdf" name="https://spec.edmcouncil.org/fibo/ontology/master/2020Q1/IND/MarketIndices/BasketIndices/"/>
  <uri id="User Entered Import Resolution" uri="../IND/MarketIndices/EquityIndexExampleIndividuals.rdf" name="https://spec.edmcouncil.org/fibo/ontology/master/2020Q1/IND/MarketIndices/EquityIndexExampleIndividuals/"/>
  <uri id="User Entered Import Resolution" uri="../IND/MarketIndices/MetadataINDMarketIndices.rdf" name="https://spec.edmcouncil.org/fibo/ontology/master/2020Q1/IND/MarketIndices/MetadataINDMarketIndices/"/>
  <uri id="User Entered Import Resolution" uri="../IND/EconomicIndicators/EconomicIndicatorPublishers.rdf" name="https://spec.edmcouncil.org/fibo/ontology/master/2020Q1/IND/EconomicIndicators/EconomicIndicatorPublishers/"/>
  <uri id="User Entered Import Resolution" uri="../IND/EconomicIndicators/NorthAmericanIndicators/USEconomicIndicators.rdf" name="https://spec.edmcouncil.org/fibo/ontology/master/2020Q1/IND/EconomicIndicators/NorthAmericanIndicators/USEconomicIndicators/"/>
  <uri id="User Entered Import Resolution" uri="../IND/EconomicIndicators/NorthAmericanIndicators/CAEconomicIndicators.rdf" name="https://spec.edmcouncil.org/fibo/ontology/master/2020Q1/IND/EconomicIndicators/NorthAmericanIndicators/CAEconomicIndicators/"/>
  <uri id="User Entered Import Resolution" uri="../IND/EconomicIndicators/EconomicIndicators.rdf" name="https://spec.edmcouncil.org/fibo/ontology/master/2020Q1/IND/EconomicIndicators/EconomicIndicators/"/>
  <uri id="User Entered Import Resolution" uri="../IND/EconomicIndicators/MetadataINDEconomicIndicators.rdf" name="https://spec.edmcouncil.org/fibo/ontology/master/2020Q1/IND/EconomicIndicators/MetadataINDEconomicIndicators/"/>
  <uri id="User Entered Import Resolution" uri="../IND/ForeignExchange/MetadataINDForeignExchange.rdf" name="https://spec.edmcouncil.org/fibo/ontology/master/2020Q1/IND/ForeignExchange/MetadataINDForeignExchange/"/>
  <uri id="User Entered Import Resolution" uri="../IND/ForeignExchange/ForeignExchange.rdf" name="https://spec.edmcouncil.org/fibo/ontology/master/2020Q1/IND/ForeignExchange/ForeignExchange/"/>
  <uri id="User Entered Import Resolution" uri="../IND/AllIND-ReferenceRates.rdf" name="https://spec.edmcouncil.org/fibo/ontology/master/2020Q1/IND/AllIND-ReferenceRates/"/>
  <uri id="User Entered Import Resolution" uri="../IND/MetadataIND.rdf" name="https://spec.edmcouncil.org/fibo/ontology/master/2020Q1/IND/MetadataIND/"/>
  <uri id="User Entered Import Resolution" uri="../IND/AllIND-NorthAmerica.rdf" name="https://spec.edmcouncil.org/fibo/ontology/master/2020Q1/IND/AllIND-NorthAmerica/"/>
  <uri id="User Entered Import Resolution" uri="../FBC/AllFBC.rdf" name="https://spec.edmcouncil.org/fibo/ontology/master/2020Q1/FBC/AllFBC/"/>
  <uri id="User Entered Import Resolution" uri="../FBC/FinancialInstruments/Settlement.rdf" name="https://spec.edmcouncil.org/fibo/ontology/master/2020Q1/FBC/FinancialInstruments/Settlement/"/>
  <uri id="User Entered Import Resolution" uri="../FBC/FinancialInstruments/InstrumentPricing.rdf" name="https://spec.edmcouncil.org/fibo/ontology/master/2020Q1/FBC/FinancialInstruments/InstrumentPricing/"/>
  <uri id="User Entered Import Resolution" uri="../FBC/FinancialInstruments/FinancialInstruments.rdf" name="https://spec.edmcouncil.org/fibo/ontology/master/2020Q1/FBC/FinancialInstruments/FinancialInstruments/"/>
  <uri id="User Entered Import Resolution" uri="../FBC/FinancialInstruments/MetadataFBCFinancialInstruments.rdf" name="https://spec.edmcouncil.org/fibo/ontology/master/2020Q1/FBC/FinancialInstruments/MetadataFBCFinancialInstruments/"/>
  <uri id="User Entered Import Resolution" uri="../FBC/FunctionalEntities/FinancialServicesEntities.rdf" name="https://spec.edmcouncil.org/fibo/ontology/master/2020Q1/FBC/FunctionalEntities/FinancialServicesEntities/"/>
  <uri id="User Entered Import Resolution" uri="../FBC/FunctionalEntities/BusinessCentersIndividuals.rdf" name="https://spec.edmcouncil.org/fibo/ontology/master/2020Q1/FBC/FunctionalEntities/BusinessCentersIndividuals/"/>
  <uri id="User Entered Import Resolution" uri="../FBC/FunctionalEntities/BusinessRegistries.rdf" name="https://spec.edmcouncil.org/fibo/ontology/master/2020Q1/FBC/FunctionalEntities/BusinessRegistries/"/>
  <uri id="User Entered Import Resolution" uri="../FBC/FunctionalEntities/RegistrationAuthorities.rdf" name="https://spec.edmcouncil.org/fibo/ontology/master/2020Q1/FBC/FunctionalEntities/RegistrationAuthorities/"/>
  <uri id="User Entered Import Resolution" uri="../FBC/FunctionalEntities/BusinessCenters.rdf" name="https://spec.edmcouncil.org/fibo/ontology/master/2020Q1/FBC/FunctionalEntities/BusinessCenters/"/>
  <uri id="User Entered Import Resolution" uri="../FBC/FunctionalEntities/Markets.rdf" name="https://spec.edmcouncil.org/fibo/ontology/master/2020Q1/FBC/FunctionalEntities/Markets/"/>
  <uri id="User Entered Import Resolution" uri="../FBC/FunctionalEntities/MarketsIndividuals.rdf" name="https://spec.edmcouncil.org/fibo/ontology/master/2020Q1/FBC/FunctionalEntities/MarketsIndividuals/"/>
  <uri id="User Entered Import Resolution" uri="../FBC/FunctionalEntities/InternationalRegistriesAndAuthorities.rdf" name="https://spec.edmcouncil.org/fibo/ontology/master/2020Q1/FBC/FunctionalEntities/InternationalRegistriesAndAuthorities/"/>
  <uri id="User Entered Import Resolution" uri="../FBC/FunctionalEntities/RegulatoryAgencies.rdf" name="https://spec.edmcouncil.org/fibo/ontology/master/2020Q1/FBC/FunctionalEntities/RegulatoryAgencies/"/>
  <uri id="User Entered Import Resolution" uri="../FBC/FunctionalEntities/NorthAmericanEntities/CARegulatoryAgencies.rdf" name="https://spec.edmcouncil.org/fibo/ontology/master/2020Q1/FBC/FunctionalEntities/NorthAmericanEntities/CARegulatoryAgencies/"/>
  <uri id="User Entered Import Resolution" uri="../FBC/FunctionalEntities/NorthAmericanEntities/USFinancialServicesEntitiesIndividuals.rdf" name="https://spec.edmcouncil.org/fibo/ontology/master/2020Q1/FBC/FunctionalEntities/NorthAmericanEntities/USFinancialServicesEntitiesIndividuals/"/>
  <uri id="User Entered Import Resolution" uri="../FBC/FunctionalEntities/NorthAmericanEntities/CAFinancialServicesEntities.rdf" name="https://spec.edmcouncil.org/fibo/ontology/master/2020Q1/FBC/FunctionalEntities/NorthAmericanEntities/CAFinancialServicesEntities/"/>
  <uri id="User Entered Import Resolution" uri="../FBC/FunctionalEntities/NorthAmericanEntities/USFinancialServicesEntities.rdf" name="https://spec.edmcouncil.org/fibo/ontology/master/2020Q1/FBC/FunctionalEntities/NorthAmericanEntities/USFinancialServicesEntities/"/>
  <uri id="User Entered Import Resolution" uri="../FBC/FunctionalEntities/NorthAmericanEntities/USRegulatoryAgencies.rdf" name="https://spec.edmcouncil.org/fibo/ontology/master/2020Q1/FBC/FunctionalEntities/NorthAmericanEntities/USRegulatoryAgencies/"/>
  <uri id="User Entered Import Resolution" uri="../FBC/FunctionalEntities/NorthAmericanEntities/USMarketsAndExchangesIndividuals.rdf" name="https://spec.edmcouncil.org/fibo/ontology/master/2020Q1/FBC/FunctionalEntities/NorthAmericanEntities/USMarketsAndExchangesIndividuals/"/>
  <uri id="User Entered Import Resolution" uri="../FBC/FunctionalEntities/NorthAmericanEntities/USExampleIndividuals.rdf" name="https://spec.edmcouncil.org/fibo/ontology/master/2020Q1/FBC/FunctionalEntities/NorthAmericanEntities/USExampleIndividuals/"/>
  <uri id="User Entered Import Resolution" uri="../FBC/FunctionalEntities/EuropeanEntities/EURegulatoryAgencies.rdf" name="https://spec.edmcouncil.org/fibo/ontology/master/2020Q1/FBC/FunctionalEntities/EuropeanEntities/EURegulatoryAgencies/"/>
  <uri id="User Entered Import Resolution" uri="../FBC/FunctionalEntities/EuropeanEntities/EUFinancialServicesEntities.rdf" name="https://spec.edmcouncil.org/fibo/ontology/master/2020Q1/FBC/FunctionalEntities/EuropeanEntities/EUFinancialServicesEntities/"/>
  <uri id="User Entered Import Resolution" uri="../FBC/FunctionalEntities/EuropeanEntities/EuropeanFinancialServicesEntitiesIndividuals.rdf" name="https://spec.edmcouncil.org/fibo/ontology/master/2020Q1/FBC/FunctionalEntities/EuropeanEntities/EuropeanFinancialServicesEntitiesIndividuals/"/>
  <uri id="User Entered Import Resolution" uri="../FBC/FunctionalEntities/MetadataFBCFunctionalEntities.rdf" name="https://spec.edmcouncil.org/fibo/ontology/master/2020Q1/FBC/FunctionalEntities/MetadataFBCFunctionalEntities/"/>
  <uri id="User Entered Import Resolution" uri="../FBC/AllFBC-ExampleIndividuals.rdf" name="https://spec.edmcouncil.org/fibo/ontology/master/2020Q1/FBC/AllFBC-ExampleIndividuals/"/>
  <uri id="User Entered Import Resolution" uri="../FBC/ProductsAndServices/FinancialProductsAndServices.rdf" name="https://spec.edmcouncil.org/fibo/ontology/master/2020Q1/FBC/ProductsAndServices/FinancialProductsAndServices/"/>
  <uri id="User Entered Import Resolution" uri="../FBC/ProductsAndServices/MetadataFBCProductsAndServices.rdf" name="https://spec.edmcouncil.org/fibo/ontology/master/2020Q1/FBC/ProductsAndServices/MetadataFBCProductsAndServices/"/>
  <uri id="User Entered Import Resolution" uri="../FBC/ProductsAndServices/ClientsAndAccounts.rdf" name="https://spec.edmcouncil.org/fibo/ontology/master/2020Q1/FBC/ProductsAndServices/ClientsAndAccounts/"/>
  <uri id="User Entered Import Resolution" uri="../FBC/AllFBC-Europe.rdf" name="https://spec.edmcouncil.org/fibo/ontology/master/2020Q1/FBC/AllFBC-Europe/"/>
  <uri id="User Entered Import Resolution" uri="../FBC/AllFBC-NorthAmericanExamples.rdf" name="https://spec.edmcouncil.org/fibo/ontology/master/2020Q1/FBC/AllFBC-NorthAmericanExamples/"/>
  <uri id="User Entered Import Resolution" uri="../FBC/MetadataFBC.rdf" name="https://spec.edmcouncil.org/fibo/ontology/master/2020Q1/FBC/MetadataFBC/"/>
  <uri id="User Entered Import Resolution" uri="../FBC/AllFBC-NorthAmerica.rdf" name="https://spec.edmcouncil.org/fibo/ontology/master/2020Q1/FBC/AllFBC-NorthAmerica/"/>
  <uri id="User Entered Import Resolution" uri="../FBC/AllFBC-ReferenceMarkets.rdf" name="https://spec.edmcouncil.org/fibo/ontology/master/2020Q1/FBC/AllFBC-ReferenceMarkets/"/>
  <uri id="User Entered Import Resolution" uri="../FBC/DebtAndEquities/CreditRatings.rdf" name="https://spec.edmcouncil.org/fibo/ontology/master/2020Q1/FBC/DebtAndEquities/CreditRatings/"/>
  <uri id="User Entered Import Resolution" uri="../FBC/DebtAndEquities/CreditFacilities.rdf" name="https://spec.edmcouncil.org/fibo/ontology/master/2020Q1/FBC/DebtAndEquities/CreditFacilities/"/>
  <uri id="User Entered Import Resolution" uri="../FBC/DebtAndEquities/Guaranty.rdf" name="https://spec.edmcouncil.org/fibo/ontology/master/2020Q1/FBC/DebtAndEquities/Guaranty/"/>
  <uri id="User Entered Import Resolution" uri="../FBC/DebtAndEquities/CreditEvents.rdf" name="https://spec.edmcouncil.org/fibo/ontology/master/2020Q1/FBC/DebtAndEquities/CreditEvents/"/>
  <uri id="User Entered Import Resolution" uri="../FBC/DebtAndEquities/MetadataFBCDebtAndEquities.rdf" name="https://spec.edmcouncil.org/fibo/ontology/master/2020Q1/FBC/DebtAndEquities/MetadataFBCDebtAndEquities/"/>
  <uri id="User Entered Import Resolution" uri="../FBC/DebtAndEquities/Debt.rdf" name="https://spec.edmcouncil.org/fibo/ontology/master/2020Q1/FBC/DebtAndEquities/Debt/"/>
  <uri id="User Entered Import Resolution" uri="../FBC/AllFBC-EuropeAndNorthAmerica.rdf" name="https://spec.edmcouncil.org/fibo/ontology/master/2020Q1/FBC/AllFBC-EuropeAndNorthAmerica/"/>
  <uri id="User Entered Import Resolution" uri="../MetadataFIBO.rdf" name="https://spec.edmcouncil.org/fibo/ontology/master/2020Q1/METADATAFIBO/"/>
  <uri id="User Entered Import Resolution" uri="../AboutFIBODev.rdf" name="https://spec.edmcouncil.org/fibo/ontology/master/2020Q1/ABOUTFIBODEV/"/>
  <uri id="User Entered Import Resolution" uri="../BE/AllBE.rdf" name="https://spec.edmcouncil.org/fibo/ontology/master/2020Q1/BE/AllBE/"/>
  <uri id="User Entered Import Resolution" uri="../BE/FunctionalEntities/MetadataBEFunctionalEntities.rdf" name="https://spec.edmcouncil.org/fibo/ontology/master/2020Q1/BE/FunctionalEntities/MetadataBEFunctionalEntities/"/>
  <uri id="User Entered Import Resolution" uri="../BE/FunctionalEntities/FunctionalEntities.rdf" name="https://spec.edmcouncil.org/fibo/ontology/master/2020Q1/BE/FunctionalEntities/FunctionalEntities/"/>
  <uri id="User Entered Import Resolution" uri="../BE/FunctionalEntities/Publishers.rdf" name="https://spec.edmcouncil.org/fibo/ontology/master/2020Q1/BE/FunctionalEntities/Publishers/"/>
  <uri id="User Entered Import Resolution" uri="../BE/Corporations/Corporations.rdf" name="https://spec.edmcouncil.org/fibo/ontology/master/2020Q1/BE/Corporations/Corporations/"/>
  <uri id="User Entered Import Resolution" uri="../BE/Corporations/MetadataBECorporations.rdf" name="https://spec.edmcouncil.org/fibo/ontology/master/2020Q1/BE/Corporations/MetadataBECorporations/"/>
  <uri id="User Entered Import Resolution" uri="../BE/SoleProprietorships/SoleProprietorships.rdf" name="https://spec.edmcouncil.org/fibo/ontology/master/2020Q1/BE/SoleProprietorships/SoleProprietorships/"/>
  <uri id="User Entered Import Resolution" uri="../BE/SoleProprietorships/MetadataBESoleProprietorships.rdf" name="https://spec.edmcouncil.org/fibo/ontology/master/2020Q1/BE/SoleProprietorships/MetadataBESoleProprietorships/"/>
  <uri id="User Entered Import Resolution" uri="../BE/MetadataBE.rdf" name="https://spec.edmcouncil.org/fibo/ontology/master/2020Q1/BE/MetadataBE/"/>
  <uri id="User Entered Import Resolution" uri="../BE/OwnershipAndControl/MetadataBEOwnershipAndControl.rdf" name="https://spec.edmcouncil.org/fibo/ontology/master/2020Q1/BE/OwnershipAndControl/MetadataBEOwnershipAndControl/"/>
  <uri id="User Entered Import Resolution" uri="../BE/OwnershipAndControl/CorporateControl.rdf" name="https://spec.edmcouncil.org/fibo/ontology/master/2020Q1/BE/OwnershipAndControl/CorporateControl/"/>
  <uri id="User Entered Import Resolution" uri="../BE/OwnershipAndControl/OwnershipParties.rdf" name="https://spec.edmcouncil.org/fibo/ontology/master/2020Q1/BE/OwnershipAndControl/OwnershipParties/"/>
  <uri id="User Entered Import Resolution" uri="../BE/OwnershipAndControl/Executives.rdf" name="https://spec.edmcouncil.org/fibo/ontology/master/2020Q1/BE/OwnershipAndControl/Executives/"/>
  <uri id="User Entered Import Resolution" uri="../BE/OwnershipAndControl/ControlParties.rdf" name="https://spec.edmcouncil.org/fibo/ontology/master/2020Q1/BE/OwnershipAndControl/ControlParties/"/>
  <uri id="User Entered Import Resolution" uri="../BE/OwnershipAndControl/CorporateOwnership.rdf" name="https://spec.edmcouncil.org/fibo/ontology/master/2020Q1/BE/OwnershipAndControl/CorporateOwnership/"/>
  <uri id="User Entered Import Resolution" uri="../BE/PrivateLimitedCompanies/MetadataBEPrivateLimitedCompanies.rdf" name="https://spec.edmcouncil.org/fibo/ontology/master/2020Q1/BE/PrivateLimitedCompanies/MetadataBEPrivateLimitedCompanies/"/>
  <uri id="User Entered Import Resolution" uri="../BE/PrivateLimitedCompanies/PrivateLimitedCompanies.rdf" name="https://spec.edmcouncil.org/fibo/ontology/master/2020Q1/BE/PrivateLimitedCompanies/PrivateLimitedCompanies/"/>
  <uri id="User Entered Import Resolution" uri="../BE/AllBE-EuropeAndNorthAmerica.rdf" name="https://spec.edmcouncil.org/fibo/ontology/master/2020Q1/BE/AllBE-EuropeAndNorthAmerica/"/>
  <uri id="User Entered Import Resolution" uri="../BE/GovernmentEntities/GovernmentEntities.rdf" name="https://spec.edmcouncil.org/fibo/ontology/master/2020Q1/BE/GovernmentEntities/GovernmentEntities/"/>
  <uri id="User Entered Import Resolution" uri="../BE/GovernmentEntities/EuropeanJurisdiction/UKGovernmentEntitiesAndJurisdictions.rdf" name="https://spec.edmcouncil.org/fibo/ontology/master/2020Q1/BE/GovernmentEntities/EuropeanJurisdiction/UKGovernmentEntitiesAndJurisdictions/"/>
  <uri id="User Entered Import Resolution" uri="../BE/GovernmentEntities/EuropeanJurisdiction/EUGovernmentEntitiesAndJurisdictions.rdf" name="https://spec.edmcouncil.org/fibo/ontology/master/2020Q1/BE/GovernmentEntities/EuropeanJurisdiction/EUGovernmentEntitiesAndJurisdictions/"/>
  <uri id="User Entered Import Resolution" uri="../BE/GovernmentEntities/MetadataBEGovernmentEntities.rdf" name="https://spec.edmcouncil.org/fibo/ontology/master/2020Q1/BE/GovernmentEntities/MetadataBEGovernmentEntities/"/>
  <uri id="User Entered Import Resolution" uri="../BE/GovernmentEntities/NorthAmericanJurisdiction/USGovernmentEntitiesAndJurisdictions.rdf" name="https://spec.edmcouncil.org/fibo/ontology/master/2020Q1/BE/GovernmentEntities/NorthAmericanJurisdiction/USGovernmentEntitiesAndJurisdictions/"/>
  <uri id="User Entered Import Resolution" uri="../BE/GovernmentEntities/NorthAmericanJurisdiction/CAGovernmentEntitiesAndJurisdictions.rdf" name="https://spec.edmcouncil.org/fibo/ontology/master/2020Q1/BE/GovernmentEntities/NorthAmericanJurisdiction/CAGovernmentEntitiesAndJurisdictions/"/>
  <uri id="User Entered Import Resolution" uri="../BE/AllBE-NorthAmericanExamples.rdf" name="https://spec.edmcouncil.org/fibo/ontology/master/2020Q1/BE/AllBE-NorthAmericanExamples/"/>
  <uri id="User Entered Import Resolution" uri="../BE/Partnerships/Partnerships.rdf" name="https://spec.edmcouncil.org/fibo/ontology/master/2020Q1/BE/Partnerships/Partnerships/"/>
  <uri id="User Entered Import Resolution" uri="../BE/Partnerships/MetadataBEPartnerships.rdf" name="https://spec.edmcouncil.org/fibo/ontology/master/2020Q1/BE/Partnerships/MetadataBEPartnerships/"/>
  <uri id="User Entered Import Resolution" uri="../BE/AllBE-NorthAmerica.rdf" name="https://spec.edmcouncil.org/fibo/ontology/master/2020Q1/BE/AllBE-NorthAmerica/"/>
  <uri id="User Entered Import Resolution" uri="../BE/AllBE-ExampleIndividuals.rdf" name="https://spec.edmcouncil.org/fibo/ontology/master/2020Q1/BE/AllBE-ExampleIndividuals/"/>
  <uri id="User Entered Import Resolution" uri="../BE/AllBE-Europe.rdf" name="https://spec.edmcouncil.org/fibo/ontology/master/2020Q1/BE/AllBE-Europe/"/>
  <uri id="User Entered Import Resolution" uri="../BE/LegalEntities/LEIEntities.rdf" name="https://spec.edmcouncil.org/fibo/ontology/master/2020Q1/BE/LegalEntities/LEIEntities/"/>
  <uri id="User Entered Import Resolution" uri="../BE/LegalEntities/FormalBusinessOrganizations.rdf" name="https://spec.edmcouncil.org/fibo/ontology/master/2020Q1/BE/LegalEntities/FormalBusinessOrganizations/"/>
  <uri id="User Entered Import Resolution" uri="../BE/LegalEntities/LegalPersons.rdf" name="https://spec.edmcouncil.org/fibo/ontology/master/2020Q1/BE/LegalEntities/LegalPersons/"/>
  <uri id="User Entered Import Resolution" uri="../BE/LegalEntities/CorporateBodies.rdf" name="https://spec.edmcouncil.org/fibo/ontology/master/2020Q1/BE/LegalEntities/CorporateBodies/"/>
  <uri id="User Entered Import Resolution" uri="../BE/LegalEntities/NorthAmericanEntities/USExampleEntities.rdf" name="https://spec.edmcouncil.org/fibo/ontology/master/2020Q1/BE/LegalEntities/NorthAmericanEntities/USExampleEntities/"/>
  <uri id="User Entered Import Resolution" uri="../BE/LegalEntities/MetadataBELegalEntities.rdf" name="https://spec.edmcouncil.org/fibo/ontology/master/2020Q1/BE/LegalEntities/MetadataBELegalEntities/"/>
  <uri id="User Entered Import Resolution" uri="../BE/Trusts/MetadataBETrusts.rdf" name="https://spec.edmcouncil.org/fibo/ontology/master/2020Q1/BE/Trusts/MetadataBETrusts/"/>
  <uri id="User Entered Import Resolution" uri="../BE/Trusts/Trusts.rdf" name="https://spec.edmcouncil.org/fibo/ontology/master/2020Q1/BE/Trusts/Trusts/"/>
  <uri id="User Entered Import Resolution" uri="../DER/ExchangeTradedDerivatives/ExchangeTradedOptions.rdf" name="https://spec.edmcouncil.org/fibo/ontology/master/2020Q1/DER/ExchangeTradedDerivatives/ExchangeTradedOptions/"/>
  <uri id="User Entered Import Resolution" uri="../DER/ExchangeTradedDerivatives/Futures.rdf" name="https://spec.edmcouncil.org/fibo/ontology/master/2020Q1/DER/ExchangeTradedDerivatives/Futures/"/>
  <uri id="User Entered Import Resolution" uri="../DER/ExchangeTradedDerivatives/DerivativesStandardizedTerms.rdf" name="https://spec.edmcouncil.org/fibo/ontology/master/2020Q1/DER/ExchangeTradedDerivatives/DerivativesStandardizedTerms/"/>
  <uri id="User Entered Import Resolution" uri="../DER/ExchangeTradedDerivatives/MetadataDERExchangeTradedDerivatives.rdf" name="https://spec.edmcouncil.org/fibo/ontology/master/2020Q1/DER/ExchangeTradedDerivatives/MetadataDERExchangeTradedDerivatives/"/>
  <uri id="User Entered Import Resolution" uri="../DER/FxDerivatives/FxSwaps.rdf" name="https://spec.edmcouncil.org/fibo/ontology/master/2020Q1/DER/FxDerivatives/FxSwaps/"/>
  <uri id="User Entered Import Resolution" uri="../DER/FxDerivatives/FxSpots.rdf" name="https://spec.edmcouncil.org/fibo/ontology/master/2020Q1/DER/FxDerivatives/FxSpots/"/>
  <uri id="User Entered Import Resolution" uri="../DER/FxDerivatives/FxForwards.rdf" name="https://spec.edmcouncil.org/fibo/ontology/master/2020Q1/DER/FxDerivatives/FxForwards/"/>
  <uri id="User Entered Import Resolution" uri="../DER/FxDerivatives/FxContracts.rdf" name="https://spec.edmcouncil.org/fibo/ontology/master/2020Q1/DER/FxDerivatives/FxContracts/"/>
  <uri id="User Entered Import Resolution" uri="../DER/FxDerivatives/FxOptions.rdf" name="https://spec.edmcouncil.org/fibo/ontology/master/2020Q1/DER/FxDerivatives/FxOptions/"/>
  <uri id="User Entered Import Resolution" uri="../DER/FxDerivatives/MetadataDERFxDerivatives.rdf" name="https://spec.edmcouncil.org/fibo/ontology/master/2020Q1/DER/FxDerivatives/MetadataDERFxDerivatives/"/>
  <uri id="User Entered Import Resolution" uri="../DER/CreditDerivatives/MetadataDERCreditDerivatives.rdf" name="https://spec.edmcouncil.org/fibo/ontology/master/2020Q1/DER/CreditDerivatives/MetadataDERCreditDerivatives/"/>
  <uri id="User Entered Import Resolution" uri="../DER/CreditDerivatives/CreditDefaultSwaps.rdf" name="https://spec.edmcouncil.org/fibo/ontology/master/2020Q1/DER/CreditDerivatives/CreditDefaultSwaps/"/>
  <uri id="User Entered Import Resolution" uri="../DER/RateDerivatives/MetadataDERRateDerivatives.rdf" name="https://spec.edmcouncil.org/fibo/ontology/master/2020Q1/DER/RateDerivatives/MetadataDERRateDerivatives/"/>
  <uri id="User Entered Import Resolution" uri="../DER/RateDerivatives/OTCIndexOptions.rdf" name="https://spec.edmcouncil.org/fibo/ontology/master/2020Q1/DER/RateDerivatives/OTCIndexOptions/"/>
  <uri id="User Entered Import Resolution" uri="../DER/RateDerivatives/InflationSwaps.rdf" name="https://spec.edmcouncil.org/fibo/ontology/master/2020Q1/DER/RateDerivatives/InflationSwaps/"/>
  <uri id="User Entered Import Resolution" uri="../DER/RateDerivatives/RateDerivatives.rdf" name="https://spec.edmcouncil.org/fibo/ontology/master/2020Q1/DER/RateDerivatives/RateDerivatives/"/>
  <uri id="User Entered Import Resolution" uri="../DER/RateDerivatives/IRSwaps.rdf" name="https://spec.edmcouncil.org/fibo/ontology/master/2020Q1/DER/RateDerivatives/IRSwaps/"/>
  <uri id="User Entered Import Resolution" uri="../DER/RateDerivatives/IROptions.rdf" name="https://spec.edmcouncil.org/fibo/ontology/master/2020Q1/DER/RateDerivatives/IROptions/"/>
  <uri id="User Entered Import Resolution" uri="../DER/RateDerivatives/ForwardRateAgreements.rdf" name="https://spec.edmcouncil.org/fibo/ontology/master/2020Q1/DER/RateDerivatives/ForwardRateAgreements/"/>
  <uri id="User Entered Import Resolution" uri="../DER/AllDER.rdf" name="https://spec.edmcouncil.org/fibo/ontology/master/2020Q1/DER/AllDER/"/>
  <uri id="User Entered Import Resolution" uri="../DER/MetadataDER.rdf" name="https://spec.edmcouncil.org/fibo/ontology/master/2020Q1/DER/MetadataDER/"/>
  <uri id="User Entered Import Resolution" uri="../DER/DerivativesContracts/Forwards.rdf" name="https://spec.edmcouncil.org/fibo/ontology/master/2020Q1/DER/DerivativesContracts/Forwards/"/>
  <uri id="User Entered Import Resolution" uri="../DER/DerivativesContracts/OptionContractsOnFutures.rdf" name="https://spec.edmcouncil.org/fibo/ontology/master/2020Q1/DER/DerivativesContracts/OptionContractsOnFutures/"/>
  <uri id="User Entered Import Resolution" uri="../DER/DerivativesContracts/SwapsIndividuals.rdf" name="https://spec.edmcouncil.org/fibo/ontology/master/2020Q1/DER/DerivativesContracts/SwapsIndividuals/"/>
  <uri id="User Entered Import Resolution" uri="../DER/DerivativesContracts/Spots.rdf" name="https://spec.edmcouncil.org/fibo/ontology/master/2020Q1/DER/DerivativesContracts/Spots/"/>
  <uri id="User Entered Import Resolution" uri="../DER/DerivativesContracts/Swaptions.rdf" name="https://spec.edmcouncil.org/fibo/ontology/master/2020Q1/DER/DerivativesContracts/Swaptions/"/>
  <uri id="User Entered Import Resolution" uri="../DER/DerivativesContracts/DerivativesBasics.rdf" name="https://spec.edmcouncil.org/fibo/ontology/master/2020Q1/DER/DerivativesContracts/DerivativesBasics/"/>
  <uri id="User Entered Import Resolution" uri="../DER/DerivativesContracts/DerivativesMasterAgreements.rdf" name="https://spec.edmcouncil.org/fibo/ontology/master/2020Q1/DER/DerivativesContracts/DerivativesMasterAgreements/"/>
  <uri id="User Entered Import Resolution" uri="../DER/DerivativesContracts/Swaps.rdf" name="https://spec.edmcouncil.org/fibo/ontology/master/2020Q1/DER/DerivativesContracts/Swaps/"/>
  <uri id="User Entered Import Resolution" uri="../DER/DerivativesContracts/ParticipationNotes.rdf" name="https://spec.edmcouncil.org/fibo/ontology/master/2020Q1/DER/DerivativesContracts/ParticipationNotes/"/>
  <uri id="User Entered Import Resolution" uri="../DER/DerivativesContracts/ReturnSwaps.rdf" name="https://spec.edmcouncil.org/fibo/ontology/master/2020Q1/DER/DerivativesContracts/ReturnSwaps/"/>
  <uri id="User Entered Import Resolution" uri="../DER/DerivativesContracts/ContractsForDifference.rdf" name="https://spec.edmcouncil.org/fibo/ontology/master/2020Q1/DER/DerivativesContracts/ContractsForDifference/"/>
  <uri id="User Entered Import Resolution" uri="../DER/DerivativesContracts/Options.rdf" name="https://spec.edmcouncil.org/fibo/ontology/master/2020Q1/DER/DerivativesContracts/Options/"/>
  <uri id="User Entered Import Resolution" uri="../DER/DerivativesContracts/RightsAndWarrants.rdf" name="https://spec.edmcouncil.org/fibo/ontology/master/2020Q1/DER/DerivativesContracts/RightsAndWarrants/"/>
  <uri id="User Entered Import Resolution" uri="../DER/DerivativesContracts/MetadataDERDerivativesContracts.rdf" name="https://spec.edmcouncil.org/fibo/ontology/master/2020Q1/DER/DerivativesContracts/MetadataDERDerivativesContracts/"/>
  <uri id="User Entered Import Resolution" uri="../DER/AssetDerivatives/EquitySwaps.rdf" name="https://spec.edmcouncil.org/fibo/ontology/master/2020Q1/DER/AssetDerivatives/EquitySwaps/"/>
  <uri id="User Entered Import Resolution" uri="../DER/AssetDerivatives/BondOptions.rdf" name="https://spec.edmcouncil.org/fibo/ontology/master/2020Q1/DER/AssetDerivatives/BondOptions/"/>
  <uri id="User Entered Import Resolution" uri="../DER/AssetDerivatives/MetadataDERAssetDerivatives.rdf" name="https://spec.edmcouncil.org/fibo/ontology/master/2020Q1/DER/AssetDerivatives/MetadataDERAssetDerivatives/"/>
  <uri id="User Entered Import Resolution" uri="../DER/AssetDerivatives/AssetDerivatives.rdf" name="https://spec.edmcouncil.org/fibo/ontology/master/2020Q1/DER/AssetDerivatives/AssetDerivatives/"/>
  <uri id="User Entered Import Resolution" uri="../DER/AssetDerivatives/BondReturnSwaps.rdf" name="https://spec.edmcouncil.org/fibo/ontology/master/2020Q1/DER/AssetDerivatives/BondReturnSwaps/"/>
  <uri id="User Entered Import Resolution" uri="../DER/AssetDerivatives/EquityForwards.rdf" name="https://spec.edmcouncil.org/fibo/ontology/master/2020Q1/DER/AssetDerivatives/EquityForwards/"/>
  <uri id="User Entered Import Resolution" uri="../DER/AssetDerivatives/EquityOptions.rdf" name="https://spec.edmcouncil.org/fibo/ontology/master/2020Q1/DER/AssetDerivatives/EquityOptions/"/>
  <uri id="User Entered Import Resolution" uri="../DER/AssetDerivatives/AssetBaskets.rdf" name="https://spec.edmcouncil.org/fibo/ontology/master/2020Q1/DER/AssetDerivatives/AssetBaskets/"/>
  <uri id="User Entered Import Resolution" uri="../DER/CommoditiesDerivatives/CommodityOptions.rdf" name="https://spec.edmcouncil.org/fibo/ontology/master/2020Q1/DER/CommoditiesDerivatives/CommodityOptions/"/>
  <uri id="User Entered Import Resolution" uri="../DER/CommoditiesDerivatives/CommoditySpots.rdf" name="https://spec.edmcouncil.org/fibo/ontology/master/2020Q1/DER/CommoditiesDerivatives/CommoditySpots/"/>
  <uri id="User Entered Import Resolution" uri="../DER/CommoditiesDerivatives/Commodities.rdf" name="https://spec.edmcouncil.org/fibo/ontology/master/2020Q1/DER/CommoditiesDerivatives/Commodities/"/>
  <uri id="User Entered Import Resolution" uri="../DER/CommoditiesDerivatives/CommodityForwards.rdf" name="https://spec.edmcouncil.org/fibo/ontology/master/2020Q1/DER/CommoditiesDerivatives/CommodityForwards/"/>
  <uri id="User Entered Import Resolution" uri="../DER/CommoditiesDerivatives/CommoditiesContracts.rdf" name="https://spec.edmcouncil.org/fibo/ontology/master/2020Q1/DER/CommoditiesDerivatives/CommoditiesContracts/"/>
  <uri id="User Entered Import Resolution" uri="../DER/CommoditiesDerivatives/CommoditySwaps.rdf" name="https://spec.edmcouncil.org/fibo/ontology/master/2020Q1/DER/CommoditiesDerivatives/CommoditySwaps/"/>
  <uri id="User Entered Import Resolution" uri="../DER/CommoditiesDerivatives/MetadataDERCommoditiesDerivatives.rdf" name="https://spec.edmcouncil.org/fibo/ontology/master/2020Q1/DER/CommoditiesDerivatives/MetadataDERCommoditiesDerivatives/"/>
  <uri id="User Entered Import Resolution" uri="../DER/AllDER-ReferenceIndividuals.rdf" name="https://spec.edmcouncil.org/fibo/ontology/master/2020Q1/DER/AllDER-ReferenceIndividuals/"/>
  <uri id="User Entered Import Resolution" uri="../MD/DerivativesTemporal/MetadataMDDerivativesTemporal.rdf" name="https://spec.edmcouncil.org/fibo/ontology/master/2020Q1/MD/DerivativesTemporal/MetadataMDDerivativesTemporal/"/>
  <uri id="User Entered Import Resolution" uri="../MD/DerivativesTemporal/ETOptionsTemporal.rdf" name="https://spec.edmcouncil.org/fibo/ontology/master/2020Q1/MD/DerivativesTemporal/ETOptionsTemporal/"/>
  <uri id="User Entered Import Resolution" uri="../MD/DerivativesTemporal/FuturesTemporal.rdf" name="https://spec.edmcouncil.org/fibo/ontology/master/2020Q1/MD/DerivativesTemporal/FuturesTemporal/"/>
  <uri id="User Entered Import Resolution" uri="../MD/MetadataMD.rdf" name="https://spec.edmcouncil.org/fibo/ontology/master/2020Q1/MD/MetadataMD/"/>
  <uri id="User Entered Import Resolution" uri="../MD/CIVTemporal/FundsTemporal.rdf" name="https://spec.edmcouncil.org/fibo/ontology/master/2020Q1/MD/CIVTemporal/FundsTemporal/"/>
  <uri id="User Entered Import Resolution" uri="../MD/CIVTemporal/MetadataMDCIVTemporal.rdf" name="https://spec.edmcouncil.org/fibo/ontology/master/2020Q1/MD/CIVTemporal/MetadataMDCIVTemporal/"/>
  <uri id="User Entered Import Resolution" uri="../MD/TemporalCore/MetadataMDTemporalCore.rdf" name="https://spec.edmcouncil.org/fibo/ontology/master/2020Q1/MD/TemporalCore/MetadataMDTemporalCore/"/>
  <uri id="User Entered Import Resolution" uri="../MD/TemporalCore/SecurityTradingStatuses.rdf" name="https://spec.edmcouncil.org/fibo/ontology/master/2020Q1/MD/TemporalCore/SecurityTradingStatuses/"/>
  <uri id="User Entered Import Resolution" uri="../MD/TemporalCore/SecurityCreditStatuses.rdf" name="https://spec.edmcouncil.org/fibo/ontology/master/2020Q1/MD/TemporalCore/SecurityCreditStatuses/"/>
  <uri id="User Entered Import Resolution" uri="../MD/DebtTemporal/MetadataMDDebtTemporal.rdf" name="https://spec.edmcouncil.org/fibo/ontology/master/2020Q1/MD/DebtTemporal/MetadataMDDebtTemporal/"/>
  <uri id="User Entered Import Resolution" uri="../MD/DebtTemporal/DebtPricingYields.rdf" name="https://spec.edmcouncil.org/fibo/ontology/master/2020Q1/MD/DebtTemporal/DebtPricingYields/"/>
  <uri id="User Entered Import Resolution" uri="../MD/DebtTemporal/DebtAnalytics.rdf" name="https://spec.edmcouncil.org/fibo/ontology/master/2020Q1/MD/DebtTemporal/DebtAnalytics/"/>
  <uri id="User Entered Import Resolution" uri="../SEC/AllSEC-ExampleIndividuals.rdf" name="https://spec.edmcouncil.org/fibo/ontology/master/2020Q1/SEC/AllSEC-ExampleIndividuals/"/>
  <uri id="User Entered Import Resolution" uri="../SEC/AllSEC-ReferenceIndividuals.rdf" name="https://spec.edmcouncil.org/fibo/ontology/master/2020Q1/SEC/AllSEC-ReferenceIndividuals/"/>
  <uri id="User Entered Import Resolution" uri="../SEC/AllSEC.rdf" name="https://spec.edmcouncil.org/fibo/ontology/master/2020Q1/SEC/AllSEC/"/>
  <uri id="User Entered Import Resolution" uri="../SEC/Equities/DepositaryReceipts.rdf" name="https://spec.edmcouncil.org/fibo/ontology/master/2020Q1/SEC/Equities/DepositaryReceipts/"/>
  <uri id="User Entered Import Resolution" uri="../SEC/Equities/EquityInstruments.rdf" name="https://spec.edmcouncil.org/fibo/ontology/master/2020Q1/SEC/Equities/EquityInstruments/"/>
  <uri id="User Entered Import Resolution" uri="../SEC/Equities/MetadataSECEquities.rdf" name="https://spec.edmcouncil.org/fibo/ontology/master/2020Q1/SEC/Equities/MetadataSECEquities/"/>
  <uri id="User Entered Import Resolution" uri="../SEC/Equities/EquitiesExampleIndividuals.rdf" name="https://spec.edmcouncil.org/fibo/ontology/master/2020Q1/SEC/Equities/EquitiesExampleIndividuals/"/>
  <uri id="User Entered Import Resolution" uri="../SEC/Debt/ExerciseConventions.rdf" name="https://spec.edmcouncil.org/fibo/ontology/master/2020Q1/SEC/Debt/ExerciseConventions/"/>
  <uri id="User Entered Import Resolution" uri="../SEC/Debt/MetadataSECDebt.rdf" name="https://spec.edmcouncil.org/fibo/ontology/master/2020Q1/SEC/Debt/MetadataSECDebt/"/>
  <uri id="User Entered Import Resolution" uri="../SEC/Debt/AssetBackedSecurities/AssetBackedSPVs.rdf" name="https://spec.edmcouncil.org/fibo/ontology/master/2020Q1/SEC/Debt/AssetBackedSecurities/AssetBackedSPVs/"/>
  <uri id="User Entered Import Resolution" uri="../SEC/Debt/AssetBackedSecurities/CBOs.rdf" name="https://spec.edmcouncil.org/fibo/ontology/master/2020Q1/SEC/Debt/AssetBackedSecurities/CBOs/"/>
  <uri id="User Entered Import Resolution" uri="../SEC/Debt/AssetBackedSecurities/MetadataSECDebtAssetBackedSecurities.rdf" name="https://spec.edmcouncil.org/fibo/ontology/master/2020Q1/SEC/Debt/AssetBackedSecurities/MetadataSECDebtAssetBackedSecurities/"/>
  <uri id="User Entered Import Resolution" uri="../SEC/Debt/AssetBackedSecurities/CDOs.rdf" name="https://spec.edmcouncil.org/fibo/ontology/master/2020Q1/SEC/Debt/AssetBackedSecurities/CDOs/"/>
  <uri id="User Entered Import Resolution" uri="../SEC/Debt/AssetBackedSecurities/PoolBackedSecurities.rdf" name="https://spec.edmcouncil.org/fibo/ontology/master/2020Q1/SEC/Debt/AssetBackedSecurities/PoolBackedSecurities/"/>
  <uri id="User Entered Import Resolution" uri="../SEC/Debt/AssetBackedSecurities/AssetBackedSecurities.rdf" name="https://spec.edmcouncil.org/fibo/ontology/master/2020Q1/SEC/Debt/AssetBackedSecurities/AssetBackedSecurities/"/>
  <uri id="User Entered Import Resolution" uri="../SEC/Debt/AssetBackedSecurities/CLOs.rdf" name="https://spec.edmcouncil.org/fibo/ontology/master/2020Q1/SEC/Debt/AssetBackedSecurities/CLOs/"/>
  <uri id="User Entered Import Resolution" uri="../SEC/Debt/AssetBackedSecurities/LoanParticipationNotes.rdf" name="https://spec.edmcouncil.org/fibo/ontology/master/2020Q1/SEC/Debt/AssetBackedSecurities/LoanParticipationNotes/"/>
  <uri id="User Entered Import Resolution" uri="../SEC/Debt/AssetBackedSecurities/SyntheticCDOs.rdf" name="https://spec.edmcouncil.org/fibo/ontology/master/2020Q1/SEC/Debt/AssetBackedSecurities/SyntheticCDOs/"/>
  <uri id="User Entered Import Resolution" uri="../SEC/Debt/AssetBackedSecurities/MortgageBackedSecurities.rdf" name="https://spec.edmcouncil.org/fibo/ontology/master/2020Q1/SEC/Debt/AssetBackedSecurities/MortgageBackedSecurities/"/>
  <uri id="User Entered Import Resolution" uri="../SEC/Debt/AssetBackedSecurities/CMOs.rdf" name="https://spec.edmcouncil.org/fibo/ontology/master/2020Q1/SEC/Debt/AssetBackedSecurities/CMOs/"/>
  <uri id="User Entered Import Resolution" uri="../SEC/Debt/TradedShortTermDebt.rdf" name="https://spec.edmcouncil.org/fibo/ontology/master/2020Q1/SEC/Debt/TradedShortTermDebt/"/>
  <uri id="User Entered Import Resolution" uri="../SEC/Debt/Bonds.rdf" name="https://spec.edmcouncil.org/fibo/ontology/master/2020Q1/SEC/Debt/Bonds/"/>
  <uri id="User Entered Import Resolution" uri="../SEC/Debt/DebtInstruments.rdf" name="https://spec.edmcouncil.org/fibo/ontology/master/2020Q1/SEC/Debt/DebtInstruments/"/>
  <uri id="User Entered Import Resolution" uri="../SEC/Securities/Pools.rdf" name="https://spec.edmcouncil.org/fibo/ontology/master/2020Q1/SEC/Securities/Pools/"/>
  <uri id="User Entered Import Resolution" uri="../SEC/Securities/MetadataSECSecurities.rdf" name="https://spec.edmcouncil.org/fibo/ontology/master/2020Q1/SEC/Securities/MetadataSECSecurities/"/>
  <uri id="User Entered Import Resolution" uri="../SEC/Securities/SecurityAssets.rdf" name="https://spec.edmcouncil.org/fibo/ontology/master/2020Q1/SEC/Securities/SecurityAssets/"/>
  <uri id="User Entered Import Resolution" uri="../SEC/Securities/SecuritiesIdentificationIndividuals.rdf" name="https://spec.edmcouncil.org/fibo/ontology/master/2020Q1/SEC/Securities/SecuritiesIdentificationIndividuals/"/>
  <uri id="User Entered Import Resolution" uri="../SEC/Securities/SecuritiesListings.rdf" name="https://spec.edmcouncil.org/fibo/ontology/master/2020Q1/SEC/Securities/SecuritiesListings/"/>
  <uri id="User Entered Import Resolution" uri="../SEC/Securities/SecuritiesRestrictions.rdf" name="https://spec.edmcouncil.org/fibo/ontology/master/2020Q1/SEC/Securities/SecuritiesRestrictions/"/>
  <uri id="User Entered Import Resolution" uri="../SEC/Securities/Baskets.rdf" name="https://spec.edmcouncil.org/fibo/ontology/master/2020Q1/SEC/Securities/Baskets/"/>
  <uri id="User Entered Import Resolution" uri="../SEC/Securities/ParametricSchedules.rdf" name="https://spec.edmcouncil.org/fibo/ontology/master/2020Q1/SEC/Securities/ParametricSchedules/"/>
  <uri id="User Entered Import Resolution" uri="../SEC/Securities/SecuritiesIssuance.rdf" name="https://spec.edmcouncil.org/fibo/ontology/master/2020Q1/SEC/Securities/SecuritiesIssuance/"/>
  <uri id="User Entered Import Resolution" uri="../SEC/Securities/SecuritiesClassification.rdf" name="https://spec.edmcouncil.org/fibo/ontology/master/2020Q1/SEC/Securities/SecuritiesClassification/"/>
  <uri id="User Entered Import Resolution" uri="../SEC/Securities/SecuritiesIdentification.rdf" name="https://spec.edmcouncil.org/fibo/ontology/master/2020Q1/SEC/Securities/SecuritiesIdentification/"/>
  <uri id="User Entered Import Resolution" uri="../SEC/MetadataSEC.rdf" name="https://spec.edmcouncil.org/fibo/ontology/master/2020Q1/SEC/MetadataSEC/"/>
  <uri id="User Entered Import Resolution" uri="../LOAN/LoansTemporal/LoanApplicationsTemporal.rdf" name="https://spec.edmcouncil.org/fibo/ontology/master/2020Q1/LOAN/LoansTemporal/LoanApplicationsTemporal/"/>
  <uri id="User Entered Import Resolution" uri="../LOAN/LoansTemporal/MetadataLOANLoansTemporal.rdf" name="https://spec.edmcouncil.org/fibo/ontology/master/2020Q1/LOAN/LoansTemporal/MetadataLOANLoansTemporal/"/>
  <uri id="User Entered Import Resolution" uri="../LOAN/LoansTemporal/LoansStatus.rdf" name="https://spec.edmcouncil.org/fibo/ontology/master/2020Q1/LOAN/LoansTemporal/LoansStatus/"/>
  <uri id="User Entered Import Resolution" uri="../LOAN/LoansTemporal/LoansTemporal.rdf" name="https://spec.edmcouncil.org/fibo/ontology/master/2020Q1/LOAN/LoansTemporal/LoansTemporal/"/>
  <uri id="User Entered Import Resolution" uri="../LOAN/LoansTemporal/LoanPhases.rdf" name="https://spec.edmcouncil.org/fibo/ontology/master/2020Q1/LOAN/LoansTemporal/LoanPhases/"/>
  <uri id="User Entered Import Resolution" uri="../LOAN/LoansTemporal/ConstructionLoansTemporal.rdf" name="https://spec.edmcouncil.org/fibo/ontology/master/2020Q1/LOAN/LoansTemporal/ConstructionLoansTemporal/"/>
  <uri id="User Entered Import Resolution" uri="../LOAN/LoansTemporal/LoansEvents.rdf" name="https://spec.edmcouncil.org/fibo/ontology/master/2020Q1/LOAN/LoansTemporal/LoansEvents/"/>
  <uri id="User Entered Import Resolution" uri="../LOAN/MetadataLOAN.rdf" name="https://spec.edmcouncil.org/fibo/ontology/master/2020Q1/LOAN/MetadataLOAN/"/>
  <uri id="User Entered Import Resolution" uri="../LOAN/LoanContracts/MetadataLOANLoanContracts.rdf" name="https://spec.edmcouncil.org/fibo/ontology/master/2020Q1/LOAN/LoanContracts/MetadataLOANLoanContracts/"/>
  <uri id="User Entered Import Resolution" uri="../LOAN/LoanContracts/LoanHMDA.rdf" name="https://spec.edmcouncil.org/fibo/ontology/master/2020Q1/LOAN/LoanContracts/LoanHMDA/"/>
  <uri id="User Entered Import Resolution" uri="../LOAN/LoanContracts/LoanCore.rdf" name="https://spec.edmcouncil.org/fibo/ontology/master/2020Q1/LOAN/LoanContracts/LoanCore/"/>
  <uri id="User Entered Import Resolution" uri="../LOAN/LoanTypes/MortgageLoans.rdf" name="https://spec.edmcouncil.org/fibo/ontology/master/2020Q1/LOAN/LoanTypes/MortgageLoans/"/>
  <uri id="User Entered Import Resolution" uri="../LOAN/LoanTypes/CommercialLoans.rdf" name="https://spec.edmcouncil.org/fibo/ontology/master/2020Q1/LOAN/LoanTypes/CommercialLoans/"/>
  <uri id="User Entered Import Resolution" uri="../LOAN/LoanTypes/StudentLoans.rdf" name="https://spec.edmcouncil.org/fibo/ontology/master/2020Q1/LOAN/LoanTypes/StudentLoans/"/>
  <uri id="User Entered Import Resolution" uri="../LOAN/LoanTypes/GeneralLoans.rdf" name="https://spec.edmcouncil.org/fibo/ontology/master/2020Q1/LOAN/LoanTypes/GeneralLoans/"/>
  <uri id="User Entered Import Resolution" uri="../LOAN/LoanTypes/ConstructionLoans.rdf" name="https://spec.edmcouncil.org/fibo/ontology/master/2020Q1/LOAN/LoanTypes/ConstructionLoans/"/>
  <uri id="User Entered Import Resolution" uri="../LOAN/LoanTypes/LoanProducts.rdf" name="https://spec.edmcouncil.org/fibo/ontology/master/2020Q1/LOAN/LoanTypes/LoanProducts/"/>
  <uri id="User Entered Import Resolution" uri="../LOAN/LoanTypes/CreditProducts.rdf" name="https://spec.edmcouncil.org/fibo/ontology/master/2020Q1/LOAN/LoanTypes/CreditProducts/"/>
  <uri id="User Entered Import Resolution" uri="../LOAN/LoanTypes/MetadataLOANLoanTypes.rdf" name="https://spec.edmcouncil.org/fibo/ontology/master/2020Q1/LOAN/LoanTypes/MetadataLOANLoanTypes/"/>
  <uri id="User Entered Import Resolution" uri="../LOAN/LoanTypes/PersonalLoans.rdf" name="https://spec.edmcouncil.org/fibo/ontology/master/2020Q1/LOAN/LoanTypes/PersonalLoans/"/>
  <uri id="User Entered Import Resolution" uri="../LOAN/LoanTypes/UnsecuredLoans.rdf" name="https://spec.edmcouncil.org/fibo/ontology/master/2020Q1/LOAN/LoanTypes/UnsecuredLoans/"/>
  <uri id="User Entered Import Resolution" uri="../LOAN/LoanTypes/SecuredLoans.rdf" name="https://spec.edmcouncil.org/fibo/ontology/master/2020Q1/LOAN/LoanTypes/SecuredLoans/"/>
  <uri id="User Entered Import Resolution" uri="../LOAN/AllLOAN.rdf" name="https://spec.edmcouncil.org/fibo/ontology/master/2020Q1/LOAN/AllLOAN/"/>
  <uri id="User Entered Import Resolution" uri="../LOAN/Loans/LoanBasicTerms.rdf" name="https://spec.edmcouncil.org/fibo/ontology/master/2020Q1/LOAN/Loans/LoanBasicTerms/"/>
  <uri id="User Entered Import Resolution" uri="../LOAN/Loans/LoansRegulatory.rdf" name="https://spec.edmcouncil.org/fibo/ontology/master/2020Q1/LOAN/Loans/LoansRegulatory/"/>
  <uri id="User Entered Import Resolution" uri="../LOAN/Loans/MetadataLOANLoans.rdf" name="https://spec.edmcouncil.org/fibo/ontology/master/2020Q1/LOAN/Loans/MetadataLOANLoans/"/>
</catalog>
